id,type,author
23487929637,IssueCommentEvent,1696078
23487929676,PushEvent,66924041
23487929674,PushEvent,74971347
23487929661,PushEvent,91143053
23487929682,PushEvent,60825784
23487929673,PushEvent,102357035
23487929588,PushEvent,46447321
23487929636,CreateEvent,41898282
23487929580,IssuesEvent,21972349
23487929591,PushEvent,17869732
23487929533,PushEvent,37043957
23487929573,PushEvent,22376627
23487929349,PushEvent,90624848
23487929578,PushEvent,98659638
23487929597,IssueCommentEvent,32714304
23487929522,ReleaseEvent,41898282
23487929560,PushEvent,111369888
23487929536,PushEvent,5146167
23487929501,DeleteEvent,34882892
23487929523,PushEvent,12437240
23487929494,PushEvent,39814207
23487929532,PushEvent,75855221
23487929508,CreateEvent,90800936
23487929447,PushEvent,102809970
23487929496,DeleteEvent,111434456
23487929420,PushEvent,5981249
23487929439,PushEvent,41898282
23487929452,PushEvent,23216921
23487929428,IssuesEvent,21071133
23487929425,IssueCommentEvent,28898909
23488014775,PushEvent,100631798
23488014835,PushEvent,50076953
23488014776,PushEvent,266306
23488014811,PushEvent,533180
23488014823,PublicEvent,45897686
23488014790,CreateEvent,111345762
23488014819,WatchEvent,34191203
23488014824,DeleteEvent,41286756
23488014774,CreateEvent,104261999
23488014739,IssueCommentEvent,105309205
23488014693,PushEvent,64238609
23488014738,PushEvent,18267059
23488014721,PushEvent,17339907
23488014712,PushEvent,106313266
23488014704,PushEvent,81696881
23488014702,PushEvent,23103004
23488014728,PushEvent,107489195
23488014709,PushEvent,33073024
23488014769,CreateEvent,99908577
23488014740,PushEvent,55003092
23488014725,IssueCommentEvent,773186
23488014708,IssuesEvent,40209448
23488014752,PullRequestReviewEvent,71764184
23488014635,PushEvent,42854223
23488014633,PushEvent,41898282
23488014680,PullRequestReviewCommentEvent,13384921
23488014638,PullRequestReviewEvent,13384921
23488014647,PushEvent,47776594
23488014662,PushEvent,100371567
23488014629,PushEvent,62687145
23487985360,PushEvent,17046279
23487985346,PullRequestReviewCommentEvent,77382887
23487985321,PullRequestReviewEvent,77382887
23487985350,PullRequestReviewEvent,53189160
23487985373,PullRequestReviewCommentEvent,53189160
23487985331,PullRequestReviewCommentEvent,53189160
23487985353,IssuesEvent,101668167
23487985271,PushEvent,80751634
23487985289,PushEvent,101674460
23487985292,WatchEvent,84594955
23487985343,WatchEvent,65808924
23487985312,IssuesEvent,1203432
23487985326,PullRequestReviewCommentEvent,53189160
23487985276,PushEvent,89231237
23487985280,PushEvent,32245309
23487985281,PushEvent,88921269
23487985272,PushEvent,1889403
23487985270,CreateEvent,110401162
23487985293,PullRequestEvent,102963495
23487985250,PullRequestReviewEvent,77382887
23487985234,IssueCommentEvent,75433959
23487985254,PushEvent,60316309
23487985231,IssueCommentEvent,1203432
23487985242,PullRequestReviewEvent,53189160
23487985209,PullRequestReviewCommentEvent,73119570
23487985185,IssueCommentEvent,108016524
23487985187,PullRequestReviewEvent,15222168
23487985213,PushEvent,89910257
23487985184,PushEvent,88154716
23487985178,PushEvent,64787351
23488007867,PushEvent,40192655
23488007871,PushEvent,15108577
23488007894,PushEvent,56824428
23488007886,CreateEvent,92843337
23488007941,CreateEvent,111448857
23488007824,PushEvent,106591964
23488007819,PushEvent,77368399
23488007807,PushEvent,41898282
23488007835,PushEvent,100631798
23488007809,PushEvent,110987124
23488007842,PushEvent,8517910
23488007844,PushEvent,41898282
23488007825,PushEvent,52455419
23488007865,CreateEvent,44069
23488007821,PushEvent,686971
23488007797,PushEvent,1570877
23488007810,PushEvent,97834402
23488007799,CreateEvent,98466955
23488007815,CreateEvent,110988742
23488007748,PushEvent,84789330
23488007803,PushEvent,41898282
23488007753,PushEvent,41898282
23488007776,PushEvent,104889074
23488007781,PushEvent,104744021
23488007743,PushEvent,228037
23488007745,PushEvent,17073422
23488007751,PushEvent,43329036
23488007758,PushEvent,41898282
23488007754,PushEvent,110601895
23488007738,PushEvent,38593095
23487963576,WatchEvent,44167236
23487963624,CreateEvent,111333037
23487963529,PushEvent,65502770
23487963558,IssueCommentEvent,99458559
23487963581,PullRequestEvent,3787410
23487963532,PushEvent,11596368
23487963524,PushEvent,82401504
23487963526,PushEvent,60316309
23487963492,PushEvent,37953029
23487963504,DeleteEvent,28701858
23487963536,PullRequestReviewEvent,22668539
23487963495,CreateEvent,111433069
23487963522,PushEvent,100686237
23487963444,PushEvent,111448530
23487963462,PullRequestEvent,86944161
23487963480,IssuesEvent,10712109
23487963457,PushEvent,368735
23487963413,PushEvent,55003092
23487963429,PushEvent,17953978
23487963448,PushEvent,94136524
23487963440,PushEvent,13433317
23487963411,IssueCommentEvent,10712109
23487963456,IssueCommentEvent,37929162
23487963426,WatchEvent,44158642
23487963471,PullRequestEvent,19955562
23487963425,CreateEvent,111345762
23487963368,PushEvent,30538765
23487963384,PushEvent,8517910
23487963376,PushEvent,109001160
23487963366,PushEvent,686971
